,mean,std
SegNet,53.09742749003427,1.2799562291288027
Tiramisu-56,74.56938436787043,0.07456288714051058
Tiramisu-67,115.7438305339643,0.3893868599063966
Tiramisu-103,118.4018167800137,0.3013817530424097
Tiramisu-103 (Epistemic Approximation),120.57818778391395,0.8450047901442649
Tiramisu-103 (Aleatoric),130.74153561943345,0.1776225261208487
Bayesian-SegNet,3465.616066141852,8.229923508167174
Tiramisu-103 (Epistemic),7290.094876063189,20.846329462386354
